{
  "results": [
    {
      "name": {
        "title": "Monsieur",
        "first": "Cosimo",
        "last": "Duval"
      },
      "email": "cosimo.duval@example.com",
      "login": {
        "uuid": "249ab936-5365-40f8-b4a9-87134c690ea5",
        "username": "angrytiger665",
        "password": "yvtrdij2ou",
        "salt": "wmyxc7IC",
        "md5": "cf07324cd2ca70286964b96c8a6d8fcf",
        "sha1": "a88f8bdcbed7ca6d73c936edd65f58025dcd8946",
        "sha256": "64de6300470858dae547f12bb2fffd9b65dc695cc866152496e23e1809696270"
      }
    },
    {
      "name": {
        "title": "Mr",
        "first": "Adelbert",
        "last": "Pries"
      },
      "email": "adelbert.pries@example.com",
      "login": {
        "uuid": "c0160d59-ae61-4796-893e-c781731330a5",
        "username": "silversnake259",
        "password": "vtqyfnsdj9bt",
        "salt": "OzwdK4hA",
        "md5": "c147a658ec7e41411ecd802370784b41",
        "sha1": "facb0c97178db380969fd1855103c7875f00c6e7",
        "sha256": "9999006eb6a1309c90b202bfe6b1e44ad977610e37f1ffe0e86232976b2b6f18"
      }
    },
    {
      "name": {
        "title": "Mr",
        "first": "Perry",
        "last": "Griffin"
      },
      "email": "perry.griffin@example.com",
      "login": {
        "uuid": "45da6509-e168-4987-b258-14f08cd2a3c5",
        "username": "silvermeercat767",
        "password": "puh7hbifkq",
        "salt": "8Gq92Y0K",
        "md5": "cb642848597056770bc2b463f0c64b5a",
        "sha1": "cf79448b75b8969bc1e5c3c04dd7ac327bcc6549",
        "sha256": "64a626ccc6073849393d7f58f353bb2466af1da3eac3e0aee42c8ea09783c212"
      }
    },
    {
      "name": {
        "title": "Mr",
        "first": "Didrik",
        "last": "Bendixen"
      },
      "email": "didrik.bendixen@example.com",
      "login": {
        "uuid": "92f34786-6449-49b5-91c5-b537b6f84fdd",
        "username": "silverzebra693",
        "password": "d5343gukp",
        "salt": "u3orsqU2",
        "md5": "8e2d7b3f2839f0e9272b00d44622ba09",
        "sha1": "a57c2e7d4e295a8753399f4f6bd8c5b52ac6dd8b",
        "sha256": "011ccdf469335c902a89e4f3dd50e44ecaeae9d6c2360094b9fcc3a9c8a58784"
      }
    },
    {
      "name": {
        "title": "Mr",
        "first": "Tobias",
        "last": "Peixoto"
      },
      "email": "tobias.peixoto@example.com",
      "login": {
        "uuid": "4683e303-247c-49b6-8aa8-8354a50d4af3",
        "username": "blackzebra777",
        "password": "nu7vabwzad3spbac",
        "salt": "O0vvIe5g",
        "md5": "bfe68ceee4959d7f4d1cfe438588a300",
        "sha1": "2847ca13eefc27e65fd943d112b693d18f32ceda",
        "sha256": "b50318fc37afb09b3b5556a1f6bda0b9ae4817908411995e2ba6398b268dbb74"
      }
    },
    {
      "name": {
        "title": "Mrs",
        "first": "Silje",
        "last": "Nielsen"
      },
      "email": "silje.nielsen@example.com",
      "login": {
        "uuid": "e0347dc5-301b-4af7-b5e3-444bd31dddc3",
        "username": "angrykoala630",
        "password": "psbswgnzeu",
        "salt": "9lF5YTlx",
        "md5": "f6e51ab75c2a13af6f71092a8431a594",
        "sha1": "15926464c9cd950147bf219c9f2cc13ec5d2b67e",
        "sha256": "95206a55c39d2793f76cde58025607786a1b4c6bf2097d94f713e635d1b0a9d9"
      }
    },
    {
      "name": {
        "title": "Mr",
        "first": "Ernesto",
        "last": "Parra"
      },
      "email": "ernesto.parra@example.com",
      "login": {
        "uuid": "6cfa79bf-d193-4135-ae5e-e5e701eb8760",
        "username": "beautifulgoose802",
        "password": "e13io8tpg",
        "salt": "tZsyc41r",
        "md5": "786e0a611817e59262100c4014699597",
        "sha1": "4e981ece8e993f8b1f6fa9ebc2e33d90b07939fa",
        "sha256": "f3def5c2efafc376a5b7c8ac7a86628aff45cf228712b5ab1aa0c27f0fd2fe8d"
      }
    },
    {
      "name": {
        "title": "Mrs",
        "first": "Louna",
        "last": "Francois"
      },
      "email": "louna.francois@example.com",
      "login": {
        "uuid": "af5581e1-e58e-4900-ab01-d860012fc847",
        "username": "tinysnake878",
        "password": "fd4r0eidjigd1uej",
        "salt": "WBF5DFJ6",
        "md5": "4b0dade2c73b4d809958f3c0c25216f8",
        "sha1": "9c46e83e10b11d50d65db75e4b6275ae9366a772",
        "sha256": "1a4d152811204c383e30d46357a567e696053cd6d1fcfc0f9b82646fb3817622"
      }
    },
    {
      "name": {
        "title": "Mr",
        "first": "Jayden",
        "last": "Bouchard"
      },
      "email": "jayden.bouchard@example.com",
      "login": {
        "uuid": "741cec2b-6481-44a4-b0f4-cd98be4806f2",
        "username": "smallrabbit812",
        "password": "itqiidkj",
        "salt": "bwi2oPQa",
        "md5": "313094e457dde5d3c60efd8994042548",
        "sha1": "3d7b2c223dfaefb63f02620bf77ab946a124290e",
        "sha256": "6f086927503662208e9367cd9c6ef6a17468c9cdce910e0ef867e1fe0e01bfdb"
      }
    },
    {
      "name": {
        "title": "Miss",
        "first": "Ellie",
        "last": "Fowler"
      },
      "email": "ellie.fowler@example.com",
      "login": {
        "uuid": "db354680-8925-4b18-8796-492e1b0530e5",
        "username": "ticklishduck356",
        "password": "xrdb49l2",
        "salt": "7L6kZU0R",
        "md5": "8cc96db466ca2d85603f4b023ae8ac5c",
        "sha1": "eda91f494ba68e56f7897c8363e20475b1c0489f",
        "sha256": "114a9fbc3d6cce5adac33694b43900bdab9d7d082129d6d6e971bd82128fa271"
      }
    },
    {
      "name": {
        "title": "Mrs",
        "first": "Kelly",
        "last": "Bradley"
      },
      "email": "kelly.bradley@example.com",
      "login": {
        "uuid": "4e4b794d-535a-40f4-8d35-d460ed421cc3",
        "username": "whitedog238",
        "password": "l8cehhrn",
        "salt": "meqLA761",
        "md5": "640986c925c61ac3bd4b1ecea5bb682c",
        "sha1": "0c28a2dc9e5fdff68f05ee96175eeac66ad4da2c",
        "sha256": "50c24c6566c6e9be17d3c453667848e7711309d2f40b715c45f75f1cd02e4c18"
      }
    },
    {
      "name": {
        "title": "Mr",
        "first": "Kuzey",
        "last": "Karaböcek"
      },
      "email": "kuzey.karabocek@example.com",
      "login": {
        "uuid": "86315c00-d5e7-4a43-932f-5ef99d848530",
        "username": "tinycat934",
        "password": "nuiwh8herk",
        "salt": "Zghut8nq",
        "md5": "d376ec1a05dafd684e28972c40fcd695",
        "sha1": "e0361cb8c1c21b571fcc70244f64401186e9f486",
        "sha256": "1fda8bd18753d4aab117173174fb49567b67a839cf735b1136cb2d3686044555"
      }
    },
    {
      "name": {
        "title": "Mr",
        "first": "Troy",
        "last": "Fox"
      },
      "email": "troy.fox@example.com",
      "login": {
        "uuid": "e8f956f1-6800-4c68-a789-ee21d7b23143",
        "username": "redtiger983",
        "password": "g7nvwl1zldf5",
        "salt": "dS8BSxL1",
        "md5": "a14a90238b50ff8aa4de25b2e53fb736",
        "sha1": "5a29aa83d968331fc01f6451df8099e819b45a62",
        "sha256": "bf697f0e543ea12710990ecc7655b679dccd2f9b358c90705a1581628137b85b"
      }
    },
    {
      "name": {
        "title": "Mr",
        "first": "Cory",
        "last": "Hunt"
      },
      "email": "cory.hunt@example.com",
      "login": {
        "uuid": "c924ecd7-810d-47e5-ba6b-b42644b12571",
        "username": "crazykoala875",
        "password": "o9nqsdoc",
        "salt": "u0dExkIw",
        "md5": "aa14a73844d75f623764c941d139f91e",
        "sha1": "4b5d3e4a72845887fb140be73982affa40edb979",
        "sha256": "79500458be83281347fc28a39ce260adfb7d29457b866d410f539b207670cc3a"
      }
    },
    {
      "name": {
        "title": "Ms",
        "first": "Ingra",
        "last": "Araújo"
      },
      "email": "ingra.araujo@example.com",
      "login": {
        "uuid": "905d052d-3aa0-4138-b331-44ccc638e817",
        "username": "lazywolf180",
        "password": "iw0j25qtb",
        "salt": "ei79jMS1",
        "md5": "b194fb6e815581a0ffd6a488a8dab180",
        "sha1": "35ee8fcb1b70e98bd8d6514ea0a85afc9bbbce46",
        "sha256": "062f8f775f2f688c983f0571ceb02794973010cbc00c31c25550d6a4767f0b55"
      }
    },
    {
      "name": {
        "title": "Mr",
        "first": "Cameron",
        "last": "Sutton"
      },
      "email": "cameron.sutton@example.com",
      "login": {
        "uuid": "b282f965-d1a1-4f79-8541-0c8ff2f9e2db",
        "username": "brownostrich960",
        "password": "5bjed4p8e0yypy",
        "salt": "YmFJOjsB",
        "md5": "af85b03ef9389e7a9491f889a15f076f",
        "sha1": "92eb0f0abb0ea48ac2e7048c4008537b4d9846d9",
        "sha256": "c1ed07fe1cfcfbe815b4198675750b4ae21cdaf9928b8f9ebae9a641f652db40"
      }
    },
    {
      "name": {
        "title": "Mr",
        "first": "Emre",
        "last": "Akbulut"
      },
      "email": "emre.akbulut@example.com",
      "login": {
        "uuid": "1a710df5-cd34-414e-9a66-cfe78bbf3629",
        "username": "browngoose419",
        "password": "e2osf8dzatqign4r",
        "salt": "L3KDOauU",
        "md5": "32e857c025d385b430d1648a6dd680df",
        "sha1": "91cc92c39858a568e1089bd5b525a6ddd9838db7",
        "sha256": "70878f67e78c5010ee6cf2fb9fb939b7539f232b8aeaf653358cf8d4b9edf44e"
      }
    },
    {
      "name": {
        "title": "Ms",
        "first": "Minttu",
        "last": "Valli"
      },
      "email": "minttu.valli@example.com",
      "login": {
        "uuid": "6c7b9c91-9518-4a50-b149-6fed15f11337",
        "username": "orangepeacock334",
        "password": "ymejjgc8iydc",
        "salt": "1PtvgzcW",
        "md5": "2881fa2bfddfff6d3632112f4025d249",
        "sha1": "4cb7a691ed4c5f3ab96e74443f608721a80cd081",
        "sha256": "c680ca042201b6bfd9feed61c3025d1b31853b2f3e266f5fd6b890f0d869d1f6"
      }
    },
    {
      "name": {
        "title": "Mr",
        "first": "Bendavid",
        "last": "Carvalho"
      },
      "email": "bendavid.carvalho@example.com",
      "login": {
        "uuid": "328e7918-700a-4ec1-ad50-3e874a4fe187",
        "username": "bluezebra455",
        "password": "sr6fkh5t",
        "salt": "dhGYmNQa",
        "md5": "dd312ea9a5445b4565d77a30c0ab464e",
        "sha1": "e7fdf6ca1f3cb9b95ae72e2865f492cb890cc58a",
        "sha256": "b7b75254fb2512f2bca7bb33aeb464ecc1ccb12b5fe9e775642477bbd468ff3e"
      }
    },
    {
      "name": {
        "title": "Mr",
        "first": "Nelson",
        "last": "Stevens"
      },
      "email": "nelson.stevens@example.com",
      "login": {
        "uuid": "44bed115-4f34-4368-ba3f-3174e2e7eba6",
        "username": "orangefrog313",
        "password": "2c83z4wg8433cf",
        "salt": "jHODvBYq",
        "md5": "8be1a1e97a9cf98c41d2c85dc14bc907",
        "sha1": "3a88134bf7fdec0363fd9ea85a5d4658af0bce34",
        "sha256": "7e92345dcca45d8a9d7097424737de8127e78e761b4aadb9af621de961e97a69"
      }
    },
    {
      "name": {
        "title": "Mrs",
        "first": "Diana",
        "last": "Weaver"
      },
      "email": "diana.weaver@example.com",
      "login": {
        "uuid": "225935ee-14c1-4cd2-aa0f-496b48f0bf6b",
        "username": "browncat670",
        "password": "w31zds3agx66wn7g",
        "salt": "5BxCMLwX",
        "md5": "66c8e2bdb6ec968c271197b20ffbfaa0",
        "sha1": "8174aa25742d6abd7018cd80ba9c7961a85d52f9",
        "sha256": "7362e4ff4f1feb62b0fac9ed916833646b557dbb1c3a3880a6ebbbd39d7d000f"
      }
    },
    {
      "name": {
        "title": "Mr",
        "first": "Willard",
        "last": "Franklin"
      },
      "email": "willard.franklin@example.com",
      "login": {
        "uuid": "d72f5995-cb51-42da-af8a-2f5aa68ff634",
        "username": "happyostrich458",
        "password": "glry4eqa",
        "salt": "LcSIWmRf",
        "md5": "c6da7957d96a8f8136f99ac30cc893cb",
        "sha1": "22189eb92fbabb3efe13b079e3ddde1340dc3e2e",
        "sha256": "7531f06287e7e7d0d40a571779f85b4b4a5ce98776cd3e670bb53166f6d31694"
      }
    },
    {
      "name": {
        "title": "Mr",
        "first": "Jerry",
        "last": "Bailey"
      },
      "email": "jerry.bailey@example.com",
      "login": {
        "uuid": "2d6c7557-9f53-47a0-93bd-5f07628516f6",
        "username": "crazykoala228",
        "password": "zagb1y9c9zz2iji",
        "salt": "IzEKc9g8",
        "md5": "c659a589070dd32e38e358f010b4c1fb",
        "sha1": "b1e7b6e682121450e63ae470fd151c407dd44ba7",
        "sha256": "c05550fbd9e48e2bcff9c872c7da607ddeb12c826d19d24c712c0c908aaa56e1"
      }
    },
    {
      "name": {
        "title": "Mrs",
        "first": "Ömür",
        "last": "Sinanoğlu"
      },
      "email": "omur.sinanoglu@example.com",
      "login": {
        "uuid": "16147dff-e18c-46d4-b198-6079bfddf385",
        "username": "whitebird768",
        "password": "zqxqsy7u",
        "salt": "87kPWf07",
        "md5": "f44763d8d45ca11d33e158dcdd66158f",
        "sha1": "afc7526a95841a073b95aea28b1e9e1435b77398",
        "sha256": "81740f0e152cde58023e60719a4397f99dce1c17e74a9d92b39f151fb5bf7761"
      }
    },
    {
      "name": {
        "title": "Monsieur",
        "first": "Dan",
        "last": "Dupuis"
      },
      "email": "dan.dupuis@example.com",
      "login": {
        "uuid": "62dd51c6-0e21-4243-a12f-f29bd339b4ce",
        "username": "organicbear935",
        "password": "bl5xya8zvx0v",
        "salt": "teo3QaNO",
        "md5": "6404e0e84eeea42bf37cda676a0acfe9",
        "sha1": "c74c776e5d8b2d28f215e750874f9aef706ff210",
        "sha256": "ffda963f2bb35d538cb70652e47fe85cfe8d7c0ed9eaf098bd2076561e44658e"
      }
    },
    {
      "name": {
        "title": "Ms",
        "first": "Georgia",
        "last": "Jackson"
      },
      "email": "georgia.jackson@example.com",
      "login": {
        "uuid": "08f1ae49-1641-4156-81d5-9936deec032e",
        "username": "redfrog618",
        "password": "cg7507sj",
        "salt": "ltXazBca",
        "md5": "9d01642681717734726741ffa0f4e7f7",
        "sha1": "4f52c5d11ee13fca4b7b6c28075a774c9fa73b28",
        "sha256": "f37ecd56491c89ca54e487adf1b60e7e47fb66c56b37eaaadc34c227d0702868"
      }
    },
    {
      "name": {
        "title": "Ms",
        "first": "Pia",
        "last": "Hannisdal"
      },
      "email": "pia.hannisdal@example.com",
      "login": {
        "uuid": "b273c389-a247-4bd0-821d-6f1baa6b4af1",
        "username": "reddog332",
        "password": "an070oph11dzg",
        "salt": "2ow1mCPI",
        "md5": "f124dd7d1db376dd616b1a4e271c79ac",
        "sha1": "3f69b56e1a94b57216851c73333fff20ef4b80e3",
        "sha256": "f22d3937516a51eeb1dd37f6d92ddd141aaef2b5aad23c1e51000f229b551fb3"
      }
    },
    {
      "name": {
        "title": "Mr",
        "first": "Batur",
        "last": "Aşıkoğlu"
      },
      "email": "batur.asikoglu@example.com",
      "login": {
        "uuid": "ad8ab4bd-265f-4c22-8e83-a72746ee1509",
        "username": "happytiger654",
        "password": "0yu5fnrl1jfsegnn",
        "salt": "nnbKEP0o",
        "md5": "91d174ecedaf920ebc17fe722987233a",
        "sha1": "792a1bccba7353833ff710a0ce9dd30cea72d1d7",
        "sha256": "52ba46d9685c3c6f585b6955186898f9724c00f3e107d0180e285a9a6baca86a"
      }
    },
    {
      "name": {
        "title": "Mr",
        "first": "آرمین",
        "last": "مرادی"
      },
      "email": "armyn.mrdy@example.com",
      "login": {
        "uuid": "8979d97a-05ce-42c6-82f1-b087325d7355",
        "username": "lazysnake938",
        "password": "w4zt68ydd0g55a",
        "salt": "paIBj5zd",
        "md5": "5578b22902ae89928b1f25f87088deed",
        "sha1": "b46e93e5f7e1fb98c7207d4ec4b1018258c855c2",
        "sha256": "105da57c789a8c409c4156a3d63fac309c514b4c3a795dc291c4dc8877717535"
      }
    },
    {
      "name": {
        "title": "Mr",
        "first": "Cory",
        "last": "Howell"
      },
      "email": "cory.howell@example.com",
      "login": {
        "uuid": "b1bccd8b-f0fe-42bf-a4a1-087daee8ec5d",
        "username": "greenfish877",
        "password": "j6m7u768rz827",
        "salt": "ZhaDLBgI",
        "md5": "e0c6673a2de32cc7d0c74f4d522e4c52",
        "sha1": "d2c60d2f6bfd6b06d5f85416010afbf49fe6f0c6",
        "sha256": "a54f134e6a2f15e0133c3af8047329e2262e3f178469a3e18bacb7f518ed4d5b"
      }
    },
    {
      "name": {
        "title": "Ms",
        "first": "Milla",
        "last": "Palo"
      },
      "email": "milla.palo@example.com",
      "login": {
        "uuid": "a55160c8-a524-4431-b3b1-18b4f889aaad",
        "username": "tinygorilla949",
        "password": "7sdeyi34sfcwns",
        "salt": "sGQ0jG0T",
        "md5": "515c134634953846ff52d1ef30ee7e4a",
        "sha1": "55476e2ef0c2c78960bd0161f6e4acef5a90bca1",
        "sha256": "525dc79afc9609462fdd088837876046f801a51b73cffe63a7b8c670a403a429"
      }
    },
    {
      "name": {
        "title": "Mrs",
        "first": "Cassandra",
        "last": "Lucas"
      },
      "email": "cassandra.lucas@example.com",
      "login": {
        "uuid": "22203369-1422-48e6-af70-18d3aa0187e2",
        "username": "orangesnake217",
        "password": "2ceg6ca43ljio5",
        "salt": "YmRpqChk",
        "md5": "a545442b2f9cc9f98f158d5b25536b54",
        "sha1": "3db2d4873dae57239c6173c97d8fc1ecd8a776ba",
        "sha256": "443c2d98265cd061f0fe8f3331f7a2784ae59837b12a96e594514434e37e5b05"
      }
    },
    {
      "name": {
        "title": "Mr",
        "first": "Jihad",
        "last": "Schetters"
      },
      "email": "jihad.schetters@example.com",
      "login": {
        "uuid": "d83f6114-a0ce-41dc-9a8f-c2af62ab991b",
        "username": "greenpeacock395",
        "password": "dmj6cakezek1",
        "salt": "PsrtKRgn",
        "md5": "6ce748436a272215ff0f9946d2b8a8ac",
        "sha1": "13cafeb07a6d10a9797b6db8a18980b970557dbc",
        "sha256": "38af791ac532ba172e945d49630050ce602d5c9600817033cf278b203d775b3c"
      }
    },
    {
      "name": {
        "title": "Ms",
        "first": "Virginia",
        "last": "Aguilar"
      },
      "email": "virginia.aguilar@example.com",
      "login": {
        "uuid": "f990128a-757d-44bc-9fdb-da2fddc12843",
        "username": "whiteleopard342",
        "password": "4pa2kf3jrgi",
        "salt": "4zwysnJO",
        "md5": "22c482625a43244443a07593b826329a",
        "sha1": "be286b2bc39f74857f86ec4d4d3578f1a963b3b1",
        "sha256": "710e4df31c7658f475a54b1053e878b22cd89041bf6cce1d90bcfdb908c8f01f"
      }
    },
    {
      "name": {
        "title": "Miss",
        "first": "Monika",
        "last": "Berggren"
      },
      "email": "monika.berggren@example.com",
      "login": {
        "uuid": "681a0c24-09c4-4f65-941f-4e767995cead",
        "username": "orangeduck160",
        "password": "9kq007m0jge1b6",
        "salt": "wZXYyfen",
        "md5": "6b0e28dc1eb546a155d7605e9fbfa664",
        "sha1": "f9759a80ce26046b7cb54d40fb1c447f66452fe0",
        "sha256": "21d2411f6ee0d69b2c7903b2a7e494c3e0b027e8f28c049d1cd3ece4b6098cd0"
      }
    },
    {
      "name": {
        "title": "Mr",
        "first": "Olivier",
        "last": "Morin"
      },
      "email": "olivier.morin@example.com",
      "login": {
        "uuid": "18c03aee-a6e2-442a-b29c-383d7a994f49",
        "username": "beautifulbird253",
        "password": "93zfjz9kcws9r13m",
        "salt": "w1lWnr7C",
        "md5": "055df33b1b3c6251a49b1f0c7874a864",
        "sha1": "65d9a9b236c8456a0061f9a52bd54b4f7133c025",
        "sha256": "9448ab0be3096c7715190dad8bca8d9a24958f86cf4ee7946459f8bf02ff34b1"
      }
    },
    {
      "name": {
        "title": "Ms",
        "first": "Stella",
        "last": "Meyer"
      },
      "email": "stella.meyer@example.com",
      "login": {
        "uuid": "8e590b8c-3b11-4257-ad27-06a647c94249",
        "username": "smallostrich721",
        "password": "i48t1em2hc",
        "salt": "Uh2Hsi46",
        "md5": "6ba5bc7b34385233c30ea8f80223c3bd",
        "sha1": "a41e5d992a014ad07d6ac4dc242847e512593d95",
        "sha256": "45a9c6697c85a3e944b34a19d73adc2857e01ecef0648ae7495cc8fafe1cf798"
      }
    },
    {
      "name": {
        "title": "Mr",
        "first": "Mark",
        "last": "Weaver"
      },
      "email": "mark.weaver@example.com",
      "login": {
        "uuid": "0857035b-2be8-4679-8f1f-cb020caf1fbb",
        "username": "happyswan287",
        "password": "awcinjhklx90lns0",
        "salt": "ybwMGHM6",
        "md5": "53fadac65341f9cfe1f27ec88602e50c",
        "sha1": "1c76c8ad4c9eaba716823eca7a5437ecd3ccf28a",
        "sha256": "38a532531fc13986a2587085665eead395513726be59d6aa6b12e0be39fbe6d6"
      }
    },
    {
      "name": {
        "title": "Mrs",
        "first": "Kate",
        "last": "Lewis"
      },
      "email": "kate.lewis@example.com",
      "login": {
        "uuid": "4347216c-98b3-4757-beed-badb9ee0ff2a",
        "username": "lazyfrog307",
        "password": "vwzck346g69y",
        "salt": "qb4K4aCp",
        "md5": "e5795b2a6929569c47dd0d15d60686e2",
        "sha1": "c9d6f470cf6e930d11de8d41dc71c220ede69472",
        "sha256": "671b926f7f25769c8a4ffd8204f3a42281df689e5cf516b7a37307a4e6211dc7"
      }
    },
    {
      "name": {
        "title": "Ms",
        "first": "Sharon",
        "last": "Watts"
      },
      "email": "sharon.watts@example.com",
      "login": {
        "uuid": "ff0b7a78-ae9f-41b8-b312-35da17453587",
        "username": "tinygoose677",
        "password": "o84knddz",
        "salt": "6ZgeW5zK",
        "md5": "acdb88b9c514b7afaaa7e2f605df3e9e",
        "sha1": "6611e5f253115cdbee420e26fbc7fa7fca738946",
        "sha256": "b933c03a9b3419638c519d6e01c9cf3c6656dc7d31a927833a5ce8da544750b3"
      }
    },
    {
      "name": {
        "title": "Mrs",
        "first": "Marsha",
        "last": "Clark"
      },
      "email": "marsha.clark@example.com",
      "login": {
        "uuid": "17ef2324-e3ee-4554-93ea-0aa805daa0fb",
        "username": "crazytiger939",
        "password": "o1tp5abg",
        "salt": "KoUQAdle",
        "md5": "6794f60475faf785968918faa4c5302f",
        "sha1": "a082e97260cb232587f9edc177bac8f6fddec20d",
        "sha256": "6509e53f0d5c76677eed5db5d9e97cf43d478f9e36123d4ee557ed0f883620da"
      }
    },
    {
      "name": {
        "title": "Miss",
        "first": "Celia",
        "last": "Bravo"
      },
      "email": "celia.bravo@example.com",
      "login": {
        "uuid": "b990e4f4-1115-4ebd-a53a-7a0b4e9e2fe6",
        "username": "sadrabbit602",
        "password": "i6rywylfvi",
        "salt": "nje2otMx",
        "md5": "47d0c246cdcd442a6d86237af2cb000b",
        "sha1": "5c31424152ccef857aa7c29053c071aef8a40a4c",
        "sha256": "add0b1a26737aacb941104da11db7c8c3a3842eed1f1be367b257197b5b3a2fb"
      }
    },
    {
      "name": {
        "title": "Mr",
        "first": "حسین",
        "last": "قاسمی"
      },
      "email": "hsyn.qsmy@example.com",
      "login": {
        "uuid": "ede54e31-3b00-424c-8670-0013eebe84a5",
        "username": "tinyfish468",
        "password": "n77sia6h3ac362",
        "salt": "9ooB0SHh",
        "md5": "9b7e8552fd32d92de148dbdaf37c3d8d",
        "sha1": "346c3d4ee27b76031a3ddfee7b175dd6a322bd89",
        "sha256": "e6d10825d1ee906c7509e8e2fc5c2a36f49d789a16a1a071c412198c0ea44815"
      }
    },
    {
      "name": {
        "title": "Mr",
        "first": "Leslie",
        "last": "Pierce"
      },
      "email": "leslie.pierce@example.com",
      "login": {
        "uuid": "c62b12fc-5356-4142-9f55-20bc9c4a0519",
        "username": "heavybutterfly723",
        "password": "myzqbs6zih7tdlcp",
        "salt": "gPsV1wbq",
        "md5": "802b660dc3804dadce03559d7c5cbd37",
        "sha1": "4ca13e9eeaa0b5771f39bcab1d3bea392c86e34b",
        "sha256": "62570d6197526f2d7d13e957598e78fcbd987093d7169dd2164d84a5c3fb241b"
      }
    },
    {
      "name": {
        "title": "Miss",
        "first": "Skylar",
        "last": "Hillebrand"
      },
      "email": "skylar.hillebrand@example.com",
      "login": {
        "uuid": "d35d37a8-906b-4eb6-a3cc-1b2a3423ef0a",
        "username": "bigmeercat773",
        "password": "c9xm7aqtt04jb",
        "salt": "dUZ5O9mR",
        "md5": "8d4b4bad6a7c81c61174136a74518246",
        "sha1": "c2fb7fdd49e9a2ce4879b1628453c4a36f82011c",
        "sha256": "c3f4b2f74defd3b97bff3e6116dda2fe317facd21404331af2c0f42983083e4a"
      }
    },
    {
      "name": {
        "title": "Mr",
        "first": "Max",
        "last": "Elliott"
      },
      "email": "max.elliott@example.com",
      "login": {
        "uuid": "5c93d462-9c0f-4012-920a-d033097af3eb",
        "username": "blacklion462",
        "password": "3j5ueqbpjk2bzmx",
        "salt": "Yz3l9K8j",
        "md5": "18b6c775fcbe29e297e20ea094398412",
        "sha1": "dbe9cf964292ecc4574682baf58778122129d217",
        "sha256": "7a66581ea6750054a18b7a2a02d3e09099ee9663db17185acc8218b1299d6646"
      }
    },
    {
      "name": {
        "title": "Miss",
        "first": "Amina",
        "last": "Ådland"
      },
      "email": "amina.adland@example.com",
      "login": {
        "uuid": "d2575c42-8225-456e-9f4c-312dda416e73",
        "username": "purpleduck534",
        "password": "fv1ojnkxc5l2w7",
        "salt": "aev9Szpn",
        "md5": "a365ad7333fd22bc5288cbab46a3688d",
        "sha1": "e91560cfab61dc7cfb206d52a789da2d9f7ea461",
        "sha256": "f7274f1e2712859f3da0bd072b639e58af564667e92d2c262ef66d9d9b05dacc"
      }
    },
    {
      "name": {
        "title": "Mrs",
        "first": "Lea",
        "last": "Christiansen"
      },
      "email": "lea.christiansen@example.com",
      "login": {
        "uuid": "8d8df1a0-1ae7-4a45-8408-72e61cadb8ef",
        "username": "crazymeercat536",
        "password": "pacmqll8tgq586il",
        "salt": "xwLZIdM4",
        "md5": "852eeeaa3926c2e3fc85f22cbce9b275",
        "sha1": "d434d2bddfa8d56845d989be6011b9dbe8057b69",
        "sha256": "b0959beb0b94fdc7caead08031fee194a49891810a39382b6d54feb4c804ec19"
      }
    },
    {
      "name": {
        "title": "Mr",
        "first": "Yuri",
        "last": "Gomes"
      },
      "email": "yuri.gomes@example.com",
      "login": {
        "uuid": "1b2de08d-ee37-4311-9b6e-02f73db346eb",
        "username": "angryrabbit809",
        "password": "u71tle5vhh07",
        "salt": "CvbZ72le",
        "md5": "e0ba8e1f5c57ef0ad961e9fa024f0ba1",
        "sha1": "f11f404446bdf32328c670b25db942dbf8b26dea",
        "sha256": "43f95aba6ce66fc8f216096ad548abde05916e1dc84f1b5506653e8582fa628e"
      }
    },
    {
      "name": {
        "title": "Mr",
        "first": "Fer",
        "last": "Van der Boon"
      },
      "email": "fer.vanderboon@example.com",
      "login": {
        "uuid": "368f97f8-d107-4971-8a4e-5f8eef7bfce6",
        "username": "happywolf625",
        "password": "jnrp2sjdns412ux",
        "salt": "BLT2RFEE",
        "md5": "457e903ba5ee20f0a390cd8d4029ee66",
        "sha1": "2675087369f45ed441be4ec8b3119a8f28d40723",
        "sha256": "f1531a6437e065492da7e33f943e08262cb3b2ebd38bb4415ca3f2df45286a29"
      }
    }
  ],
  "info": {
    "seed": "b3bcb13dd73fab34",
    "results": 50,
    "page": 1,
    "version": "1.3"
  }
}